{
	"info": {
		"_postman_id": "b949614d-9e3f-4a7d-ad60-6f251a657b2f",
		"name": "HW 18",
		"schema": "https://schema.getpostman.com/json/collection/v2.1.0/collection.json",
		"_exporter_id": "24167033"
	},
	"item": [
		{
			"name": "POST users correct",
			"request": {
				"method": "POST",
				"header": [],
				"body": {
					"mode": "raw",
					"raw": "{\r\n    \"name\": \"Nataliia\",\r\n    \"age\": \"45\",\r\n    \"gender\": \"female\",\r\n    \"city\": \"Kyiv\"\r\n}",
					"options": {
						"raw": {
							"language": "json"
						}
					}
				},
				"url": {
					"raw": "https://em.staging.api.onereach.ai/http/1b3bebb7-e882-4f1e-a74b-ee381bfa69d6/users",
					"protocol": "https",
					"host": [
						"em",
						"staging",
						"api",
						"onereach",
						"ai"
					],
					"path": [
						"http",
						"1b3bebb7-e882-4f1e-a74b-ee381bfa69d6",
						"users"
					]
				}
			},
			"response": []
		},
		{
			"name": "POST users incorrect",
			"request": {
				"method": "POST",
				"header": [],
				"body": {
					"mode": "raw",
					"raw": "{\r\n     \"name\": \"Nata\",\r\n    \"age\": \"45\",\r\n    \"gender\": \"female\",\r\n    \"city\": \"Kyiv\"\r\n}",
					"options": {
						"raw": {
							"language": "json"
						}
					}
				},
				"url": {
					"raw": "https://em.staging.api.onereach.ai/http/1b3bebb7-e882-4f1e-a74b-ee381bfa69d6/users",
					"protocol": "https",
					"host": [
						"em",
						"staging",
						"api",
						"onereach",
						"ai"
					],
					"path": [
						"http",
						"1b3bebb7-e882-4f1e-a74b-ee381bfa69d6",
						"users"
					]
				}
			},
			"response": []
		},
		{
			"name": "GET users id",
			"request": {
				"method": "GET",
				"header": [],
				"url": {
					"raw": "https://em.staging.api.onereach.ai/http/1b3bebb7-e882-4f1e-a74b-ee381bfa69d6/users?id=e28b05f4-d914-488c-87c7-a76063d0b161",
					"protocol": "https",
					"host": [
						"em",
						"staging",
						"api",
						"onereach",
						"ai"
					],
					"path": [
						"http",
						"1b3bebb7-e882-4f1e-a74b-ee381bfa69d6",
						"users"
					],
					"query": [
						{
							"key": "id",
							"value": "e28b05f4-d914-488c-87c7-a76063d0b161",
							"description": "e28b05f4-d914-488c-87c7-a76063d0b161"
						}
					]
				}
			},
			"response": []
		},
		{
			"name": "GET users variable",
			"request": {
				"method": "GET",
				"header": [],
				"url": {
					"raw": "{{URL}}?id={{id}}",
					"host": [
						"{{URL}}"
					],
					"query": [
						{
							"key": "id",
							"value": "{{id}}"
						},
						{
							"key": "",
							"value": null,
							"disabled": true
						}
					]
				}
			},
			"response": []
		},
		{
			"name": "PUT Edit users age and name",
			"request": {
				"method": "PUT",
				"header": [],
				"body": {
					"mode": "raw",
					"raw": "{\r\n    \"age\": \"35\",\r\n    \"city\": \"Kyiv\",\r\n    \"gender\": \"female\",\r\n    \"name\": \"Juliia\",\r\n    \"id\": \"{{id}}\"\r\n}",
					"options": {
						"raw": {
							"language": "json"
						}
					}
				},
				"url": {
					"raw": "{{URL}}",
					"host": [
						"{{URL}}"
					]
				}
			},
			"response": []
		},
		{
			"name": "Create new user",
			"request": {
				"method": "GET",
				"header": []
			},
			"response": []
		},
		{
			"name": "New Request",
			"request": {
				"method": "DELETE",
				"header": [],
				"body": {
					"mode": "raw",
					"raw": "{\r\n    \"age\": 13,\r\n    \"city\": \"Kyiv\",\r\n    \"gender\": \"male\",\r\n    \"name\": \"Daniil\"\r\n}",
					"options": {
						"raw": {
							"language": "json"
						}
					}
				},
				"url": {
					"raw": "{{URL}}?id=a7c10819-99f8-40f1-8080-37a3360cc2f0",
					"host": [
						"{{URL}}"
					],
					"query": [
						{
							"key": "id",
							"value": "a7c10819-99f8-40f1-8080-37a3360cc2f0"
						}
					]
				}
			},
			"response": []
		}
	],
	"event": [
		{
			"listen": "prerequest",
			"script": {
				"type": "text/javascript",
				"exec": [
					""
				]
			}
		},
		{
			"listen": "test",
			"script": {
				"type": "text/javascript",
				"exec": [
					"pm.variables.get(\"variable_key\");",
					"pm.test(\"Status code is 200\", function () {",
					"    pm.response.to.have.status(200);",
					"});",
					"pm.sendRequest(\"https://postman-echo.com/get\", function (err, response) {",
					"    console.log(response.json());",
					"});"
				]
			}
		}
	],
	"variable": [
		{
			"key": "id",
			"value": "e28b05f4-d914-488c-87c7-a76063d0b161",
			"type": "string"
		},
		{
			"key": "URL",
			"value": "https://em.staging.api.onereach.ai/http/1b3bebb7-e882-4f1e-a74b-ee381bfa69d6/users",
			"type": "string"
		}
	]
}